[{"model": "dashboard.resource", "pk": 95, "fields": {"name": "Linux Foundation POD 1", "slavename": "lf-pod1", "description": "Some description", "url": "https://wiki.opnfv.org/display/pharos/Lf+Lab", "bookable": false, "active": true}}, {"model": "dashboard.resource", "pk": 96, "fields": {"name": "Linux Foundation POD 2", "slavename": "lf-pod2", "description": "Some description", "url": "https://wiki.opnfv.org/display/pharos/Lf+Lab", "bookable": false, "active": true}}, {"model": "dashboard.resource", "pk": 97, "fields": {"name": "Ericsson  POD 2", "slavename": "ericsson-pod2", "description": "Some description", "url": "https://wiki.opnfv.org/display/pharos/Ericsson+Hosting+and+Request+Process", "bookable": false, "active": true}}, {"model": "dashboard.resource", "pk": 98, "fields": {"name": "Intel POD 2", "slavename": "intel-pod2", "description": "Some description", "url": "https://wiki.opnfv.org/display/pharos/Intel+Pod2", "bookable": false, "active": true}}, {"model": "dashboard.resource", "pk": 99, "fields": {"name": "Intel POD 5", "slavename": "intel-pod5", "description": "Some description", "url": "https://wiki.opnfv.org/display/pharos/Intel+Pod5", "bookable": false, "active": true}}, {"model": "dashboard.resource", "pk": 100, "fields": {"name": "Intel POD 6", "slavename": "intel-pod6", "description": "Some description", "url": "https://wiki.opnfv.org/display/pharos/Intel+Pod6", "bookable": false, "active": true}}, {"model": "dashboard.resource", "pk": 101, "fields": {"name": "Intel POD 8", "slavename": "intel-pod8", "description": "Some description", "url": "https://wiki.opnfv.org/display/pharos/Intel+Pod8", "bookable": false, "active": true}}, {"model": "dashboard.resource", "pk": 102, "fields": {"name": "Huawei POD 1", "slavename": "huawei-pod1", "description": "Some description", "url": "https://wiki.opnfv.org/display/pharos/Huawei+Hosting", "bookable": false, "active": true}}, {"model": "dashboard.resource", "pk": 103, "fields": {"name": "Intel POD 3", "slavename": "intel-pod3", "description": "Some description", "url": "https://wiki.opnfv.org/display/pharos/Intel+Pod3", "bookable": false, "active": true}}, {"model": "dashboard.resource", "pk": 104, "fields": {"name": "Dell POD 1", "slavename": "dell-pod1", "description": "Some description", "url": "https://wiki.opnfv.org/display/pharos/Dell+Hosting", "bookable": false, "active": true}}, {"model": "dashboard.resource", "pk": 105, "fields": {"name": "Dell POD 2", "slavename": "dell-pod2", "description": "Some description", "url": "https://wiki.opnfv.org/display/pharos/Dell+Hosting", "bookable": false, "active": true}}, {"model": "dashboard.resource", "pk": 106, "fields": {"name": "Orange POD 2", "slavename": "orange-pod2", "description": "Some description", "url": "https://wiki.opnfv.org/display/pharos/Opnfv-orange-pod2", "bookable": false, "active": true}}, {"model": "dashboard.resource", "pk": 107, "fields": {"name": "Arm POD 1", "slavename": "arm-build1", "description": "Some description", "url": "https://wiki.opnfv.org/display/pharos/Enea-pharos-lab", "bookable": false, "active": true}}, {"model": "dashboard.resource", "pk": 108, "fields": {"name": "Ericsson  POD 1", "slavename": "ericsson-pod1", "description": "Some description", "url": "https://wiki.opnfv.org/display/pharos/Ericsson+Hosting+and+Request+Process", "bookable": false, "active": true}}, {"model": "dashboard.resource", "pk": 109, "fields": {"name": "Huawei POD 2", "slavename": "huawei-pod2", "description": "Some description", "url": "https://wiki.opnfv.org/display/pharos/Huawei+Hosting", "bookable": false, "active": true}}, {"model": "dashboard.resource", "pk": 110, "fields": {"name": "Huawei POD 3", "slavename": "huawei-pod3", "description": "Some description", "url": "https://wiki.opnfv.org/display/pharos/Huawei+Hosting", "bookable": false, "active": true}}, {"model": "dashboard.resource", "pk": 111, "fields": {"name": "Huawei POD 4", "slavename": "huawei-pod4", "description": "Some description", "url": "https://wiki.opnfv.org/display/pharos/Huawei+Hosting", "bookable": false, "active": true}}, {"model": "dashboard.resource", "pk": 112, "fields": {"name": "Intel POD 9", "slavename": "intel-pod8", "description": "Some description", "url": "https://wiki.opnfv.org/display/pharos/Intel+Pod9", "bookable": false, "active": true}}, {"model": "dashboard.pod", "pk": 91, "fields": {"resource": 95, "chassis": null}}, {"model": "dashboard.pod", "pk": 92, "fields": {"resource": 96, "chassis": null}}, {"model": "dashboard.pod", "pk": 93, "fields": {"resource": 97, "chassis": null}}, {"model": "dashboard.pod", "pk": 94, "fields": {"resource": 98, "chassis": null}}, {"model": "dashboard.pod", "pk": 95, "fields": {"resource": 99, "chassis": null}}, {"model": "dashboard.pod", "pk": 96, "fields": {"resource": 100, "chassis": null}}, {"model": "dashboard.pod", "pk": 97, "fields": {"resource": 101, "chassis": null}}, {"model": "dashboard.pod", "pk": 98, "fields": {"resource": 102, "chassis": null}}, {"model": "dashboard.pod", "pk": 99, "fields": {"resource": 103, "chassis": null}}, {"model": "dashboard.pod", "pk": 100, "fields": {"resource": 104, "chassis": null}}, {"model": "dashboard.pod", "pk": 101, "fields": {"resource": 105, "chassis": null}}, {"model": "dashboard.pod", "pk": 102, "fields": {"resource": 106, "chassis": null}}, {"model": "dashboard.pod", "pk": 103, "fields": {"resource": 107, "chassis": null}}, {"model": "dashboard.pod", "pk": 104, "fields": {"resource": 108, "chassis": null}}, {"model": "dashboard.pod", "pk": 105, "fields": {"resource": 109, "chassis": null}}, {"model": "dashboard.pod", "pk": 106, "fields": {"resource": 110, "chassis": null}}, {"model": "dashboard.pod", "pk": 107, "fields": {"resource": 111, "chassis": null}}, {"model": "dashboard.pod", "pk": 108, "fields": {"resource": 112, "chassis": null}}, {"model": "contenttypes.contenttype", "pk": 1, "fields": {"app_label": "dashboard", "model": "resource"}}, {"model": "contenttypes.contenttype", "pk": 2, "fields": {"app_label": "dashboard", "model": "repeatbooking"}}, {"model": "contenttypes.contenttype", "pk": 3, "fields": {"app_label": "dashboard", "model": "booking"}}, {"model": "contenttypes.contenttype", "pk": 4, "fields": {"app_label": "dashboard", "model": "pod"}}, {"model": "contenttypes.contenttype", "pk": 5, "fields": {"app_label": "dashboard", "model": "server"}}, {"model": "contenttypes.contenttype", "pk": 6, "fields": {"app_label": "dashboard", "model": "userresource"}}, {"model": "contenttypes.contenttype", "pk": 7, "fields": {"app_label": "dashboard", "model": "bookingeventlog"}}, {"model": "auth.permission", "pk": 1, "fields": {"name": "Can add resource", "content_type": 1, "codename": "add_resource"}}, {"model": "auth.permission", "pk": 2, "fields": {"name": "Can change resource", "content_type": 1, "codename": "change_resource"}}, {"model": "auth.permission", "pk": 3, "fields": {"name": "Can delete resource", "content_type": 1, "codename": "delete_resource"}}, {"model": "auth.permission", "pk": 4, "fields": {"name": "Can add repeat booking", "content_type": 2, "codename": "add_repeatbooking"}}, {"model": "auth.permission", "pk": 5, "fields": {"name": "Can change repeat booking", "content_type": 2, "codename": "change_repeatbooking"}}, {"model": "auth.permission", "pk": 6, "fields": {"name": "Can delete repeat booking", "content_type": 2, "codename": "delete_repeatbooking"}}, {"model": "auth.permission", "pk": 7, "fields": {"name": "Can add booking", "content_type": 3, "codename": "add_booking"}}, {"model": "auth.permission", "pk": 8, "fields": {"name": "Can change booking", "content_type": 3, "codename": "change_booking"}}, {"model": "auth.permission", "pk": 9, "fields": {"name": "Can delete booking", "content_type": 3, "codename": "delete_booking"}}, {"model": "auth.permission", "pk": 10, "fields": {"name": "Can add pod", "content_type": 4, "codename": "add_pod"}}, {"model": "auth.permission", "pk": 11, "fields": {"name": "Can change pod", "content_type": 4, "codename": "change_pod"}}, {"model": "auth.permission", "pk": 12, "fields": {"name": "Can delete pod", "content_type": 4, "codename": "delete_pod"}}, {"model": "auth.permission", "pk": 13, "fields": {"name": "Can add server", "content_type": 5, "codename": "add_server"}}, {"model": "auth.permission", "pk": 14, "fields": {"name": "Can change server", "content_type": 5, "codename": "change_server"}}, {"model": "auth.permission", "pk": 15, "fields": {"name": "Can delete server", "content_type": 5, "codename": "delete_server"}}, {"model": "auth.permission", "pk": 16, "fields": {"name": "Can add user resource", "content_type": 6, "codename": "add_userresource"}}, {"model": "auth.permission", "pk": 17, "fields": {"name": "Can change user resource", "content_type": 6, "codename": "change_userresource"}}, {"model": "auth.permission", "pk": 18, "fields": {"name": "Can delete user resource", "content_type": 6, "codename": "delete_userresource"}}, {"model": "auth.permission", "pk": 19, "fields": {"name": "Can add booking event log", "content_type": 7, "codename": "add_bookingeventlog"}}, {"model": "auth.permission", "pk": 20, "fields": {"name": "Can change booking event log", "content_type": 7, "codename": "change_bookingeventlog"}}, {"model": "auth.permission", "pk": 21, "fields": {"name": "Can delete booking event log", "content_type": 7, "codename": "delete_bookingeventlog"}}, {"model": "auth.permission", "pk": 22, "fields": {"name": "Can add log entry", "content_type": 8, "codename": "add_logentry"}}, {"model": "auth.permission", "pk": 23, "fields": {"name": "Can change log entry", "content_type": 8, "codename": "change_logentry"}}, {"model": "auth.permission", "pk": 24, "fields": {"name": "Can delete log entry", "content_type": 8, "codename": "delete_logentry"}}, {"model": "auth.permission", "pk": 25, "fields": {"name": "Can add permission", "content_type": 9, "codename": "add_permission"}}, {"model": "auth.permission", "pk": 26, "fields": {"name": "Can change permission", "content_type": 9, "codename": "change_permission"}}, {"model": "auth.permission", "pk": 27, "fields": {"name": "Can delete permission", "content_type": 9, "codename": "delete_permission"}}, {"model": "auth.permission", "pk": 28, "fields": {"name": "Can add group", "content_type": 10, "codename": "add_group"}}, {"model": "auth.permission", "pk": 29, "fields": {"name": "Can change group", "content_type": 10, "codename": "change_group"}}, {"model": "auth.permission", "pk": 30, "fields": {"name": "Can delete group", "content_type": 10, "codename": "delete_group"}}, {"model": "auth.permission", "pk": 31, "fields": {"name": "Can add user", "content_type": 11, "codename": "add_user"}}, {"model": "auth.permission", "pk": 32, "fields": {"name": "Can change user", "content_type": 11, "codename": "change_user"}}, {"model": "auth.permission", "pk": 33, "fields": {"name": "Can delete user", "content_type": 11, "codename": "delete_user"}}, {"model": "auth.permission", "pk": 34, "fields": {"name": "Can add content type", "content_type": 12, "codename": "add_contenttype"}}, {"model": "auth.permission", "pk": 35, "fields": {"name": "Can change content type", "content_type": 12, "codename": "change_contenttype"}}, {"model": "auth.permission", "pk": 36, "fields": {"name": "Can delete content type", "content_type": 12, "codename": "delete_contenttype"}}, {"model": "auth.permission", "pk": 37, "fields": {"name": "Can add session", "content_type": 13, "codename": "add_session"}}, {"model": "auth.permission", "pk": 38, "fields": {"name": "Can change session", "content_type": 13, "codename": "change_session"}}, {"model": "auth.permission", "pk": 39, "fields": {"name": "Can delete session", "content_type": 13, "codename": "delete_session"}}, {"model": "auth.user", "pk": 1, "fields": {"password": "pbkdf2_sha256$24000$4aCnTI8Ica1Y$nidUBabR6qZIG2nrCzKfp2J1YCQkBNz+k7VM5NnS6kM=", "last_login": "2016-08-03T11:37:39.131Z", "is_superuser": true, "username": "max", "first_name": "", "last_name": "", "email": "", "is_staff": true, "is_active": true, "date_joined": "2016-08-01T16:11:21.173Z", "groups": [], "user_permissions": []}}, {"model": "auth.user", "pk": 2, "fields": {"password": "pbkdf2_sha256$24000$WT7ZIaZTNIum$DEAKRJu9lLfhAsNI44ilwiEMrJqHjAF6m16I+oaU6WI=", "last_login": null, "is_superuser": true, "username": "jose", "first_name": "Jose", "last_name": "Lausuch", "email": "jose.lausuch@ericsson.com", "is_staff": true, "is_active": true, "date_joined": "2016-08-01T16:11:53Z", "groups": [], "user_permissions": []}}, {"model": "auth.user", "pk": 3, "fields": {"password": "pbkdf2_sha256$24000$IXcsbpEvUizq$2ECfaCZNHAWN1E7M2E4CGdgRdwJr3QdCoFZKxEIvGuA=", "last_login": null, "is_superuser": true, "username": "daniel", "first_name": "Daniel", "last_name": "Smith", "email": "daniel.smith@ericsson.com", "is_staff": true, "is_active": true, "date_joined": "2016-08-01T16:12:42Z", "groups": [], "user_permissions": []}}, {"model": "auth.user", "pk": 4, "fields": {"password": "pbkdf2_sha256$24000$1mtYwSkPqcNZ$89kENbww3fyEe3gbKpgdPAOapYg5dejtiX54rzMsKmg=", "last_login": null, "is_superuser": true, "username": "jack", "first_name": "Jack", "last_name": "Morgan", "email": "jack.morgan@intel.com", "is_staff": true, "is_active": true, "date_joined": "2016-08-01T16:13:45Z", "groups": [], "user_permissions": []}}, {"model": "auth.user", "pk": 5, "fields": {"password": "pbkdf2_sha256$24000$DGa3UXgfSBX8$IfMWo8BxXeRMkogG9Bx7sjNoxFL+C/asDUZ4spI9VNc=", "last_login": null, "is_superuser": true, "username": "fatih", "first_name": "Fatih", "last_name": "Degirmenci", "email": "atih.degirmenci@ericsson.com", "is_staff": true, "is_active": true, "date_joined": "2016-08-01T16:14:21Z", "groups": [], "user_permissions": []}}, {"model": "auth.user", "pk": 6, "fields": {"password": "pbkdf2_sha256$24000$QPtZFEPjgb1f$kSmPzyrhE8kW3XFRyH6kJOjlCj1zSc7vk0LFkI7UZLk=", "last_login": null, "is_superuser": true, "username": "trevor", "first_name": "Trevor", "last_name": "Cooper", "email": "trevor.cooper@intel.com", "is_staff": true, "is_active": true, "date_joined": "2016-08-01T16:14:55Z", "groups": [], "user_permissions": []}}, {"model": "dashboard.userresource", "pk": 1, "fields": {"user": 3, "resource": 97}}, {"model": "dashboard.userresource", "pk": 2, "fields": {"user": 3, "resource": 108}}, {"model": "dashboard.userresource", "pk": 3, "fields": {"user": 4, "resource": 98}}, {"model": "dashboard.userresource", "pk": 4, "fields": {"user": 4, "resource": 103}}, {"model": "dashboard.userresource", "pk": 5, "fields": {"user": 4, "resource": 99}}, {"model": "dashboard.userresource", "pk": 6, "fields": {"user": 4, "resource": 100}}, {"model": "dashboard.userresource", "pk": 7, "fields": {"user": 4, "resource": 101}}, {"model": "dashboard.userresource", "pk": 8, "fields": {"user": 4, "resource": 112}}]
