[{"model": "dashboard.pod", "pk": 91, "fields": {"resource": 95, "chassis": null}}, {"model": "dashboard.pod", "pk": 92, "fields": {"resource": 96, "chassis": null}}, {"model": "dashboard.pod", "pk": 93, "fields": {"resource": 97, "chassis": null}}, {"model": "dashboard.pod", "pk": 94, "fields": {"resource": 98, "chassis": null}}, {"model": "dashboard.pod", "pk": 95, "fields": {"resource": 99, "chassis": null}}, {"model": "dashboard.pod", "pk": 96, "fields": {"resource": 100, "chassis": null}}, {"model": "dashboard.pod", "pk": 97, "fields": {"resource": 101, "chassis": null}}, {"model": "dashboard.pod", "pk": 98, "fields": {"resource": 102, "chassis": null}}, {"model": "dashboard.pod", "pk": 99, "fields": {"resource": 103, "chassis": null}}, {"model": "dashboard.pod", "pk": 100, "fields": {"resource": 104, "chassis": null}}, {"model": "dashboard.pod", "pk": 101, "fields": {"resource": 105, "chassis": null}}, {"model": "dashboard.pod", "pk": 102, "fields": {"resource": 106, "chassis": null}}, {"model": "dashboard.pod", "pk": 103, "fields": {"resource": 107, "chassis": null}}, {"model": "dashboard.pod", "pk": 104, "fields": {"resource": 108, "chassis": null}}, {"model": "dashboard.pod", "pk": 105, "fields": {"resource": 109, "chassis": null}}, {"model": "dashboard.pod", "pk": 106, "fields": {"resource": 110, "chassis": null}}, {"model": "dashboard.pod", "pk": 107, "fields": {"resource": 111, "chassis": null}}, {"model": "dashboard.pod", "pk": 108, "fields": {"resource": 112, "chassis": null}}, {"model": "dashboard.resource", "pk": 95, "fields": {"name": "Linux Foundation POD 1", "slavename": "lf-pod1", "description": "Some description", "url": "https://wiki.opnfv.org/display/pharos/Lf+Lab", "bookable": false, "active": true}}, {"model": "dashboard.resource", "pk": 96, "fields": {"name": "Linux Foundation POD 2", "slavename": "lf-pod2", "description": "Some description", "url": "https://wiki.opnfv.org/display/pharos/Lf+Lab", "bookable": false, "active": true}}, {"model": "dashboard.resource", "pk": 97, "fields": {"name": "Ericsson  POD 2", "slavename": "ericsson-pod2", "description": "Some description", "url": "https://wiki.opnfv.org/display/pharos/Ericsson+Hosting+and+Request+Process", "bookable": false, "active": true}}, {"model": "dashboard.resource", "pk": 98, "fields": {"name": "Intel POD 2", "slavename": "intel-pod2", "description": "Some description", "url": "https://wiki.opnfv.org/display/pharos/Intel+Pod2", "bookable": false, "active": true}}, {"model": "dashboard.resource", "pk": 99, "fields": {"name": "Intel POD 5", "slavename": "intel-pod5", "description": "Some description", "url": "https://wiki.opnfv.org/display/pharos/Intel+Pod5", "bookable": false, "active": true}}, {"model": "dashboard.resource", "pk": 100, "fields": {"name": "Intel POD 6", "slavename": "intel-pod6", "description": "Some description", "url": "https://wiki.opnfv.org/display/pharos/Intel+Pod6", "bookable": false, "active": true}}, {"model": "dashboard.resource", "pk": 101, "fields": {"name": "Intel POD 8", "slavename": "intel-pod8", "description": "Some description", "url": "https://wiki.opnfv.org/display/pharos/Intel+Pod8", "bookable": false, "active": true}}, {"model": "dashboard.resource", "pk": 102, "fields": {"name": "Huawei POD 1", "slavename": "huawei-pod1", "description": "Some description", "url": "https://wiki.opnfv.org/display/pharos/Huawei+Hosting", "bookable": false, "active": true}}, {"model": "dashboard.resource", "pk": 103, "fields": {"name": "Intel POD 3", "slavename": "intel-pod3", "description": "Some description", "url": "https://wiki.opnfv.org/display/pharos/Intel+Pod3", "bookable": false, "active": true}}, {"model": "dashboard.resource", "pk": 104, "fields": {"name": "Dell POD 1", "slavename": "dell-pod1", "description": "Some description", "url": "https://wiki.opnfv.org/display/pharos/Dell+Hosting", "bookable": false, "active": true}}, {"model": "dashboard.resource", "pk": 105, "fields": {"name": "Dell POD 2", "slavename": "dell-pod2", "description": "Some description", "url": "https://wiki.opnfv.org/display/pharos/Dell+Hosting", "bookable": false, "active": true}}, {"model": "dashboard.resource", "pk": 106, "fields": {"name": "Orange POD 2", "slavename": "orange-pod2", "description": "Some description", "url": "https://wiki.opnfv.org/display/pharos/Opnfv-orange-pod2", "bookable": false, "active": true}}, {"model": "dashboard.resource", "pk": 107, "fields": {"name": "Arm POD 1", "slavename": "arm-build1", "description": "Some description", "url": "https://wiki.opnfv.org/display/pharos/Enea-pharos-lab", "bookable": false, "active": true}}, {"model": "dashboard.resource", "pk": 108, "fields": {"name": "Ericsson  POD 1", "slavename": "ericsson-pod1", "description": "Some description", "url": "https://wiki.opnfv.org/display/pharos/Ericsson+Hosting+and+Request+Process", "bookable": false, "active": true}}, {"model": "dashboard.resource", "pk": 109, "fields": {"name": "Huawei POD 2", "slavename": "huawei-pod2", "description": "Some description", "url": "https://wiki.opnfv.org/display/pharos/Huawei+Hosting", "bookable": false, "active": true}}, {"model": "dashboard.resource", "pk": 110, "fields": {"name": "Huawei POD 3", "slavename": "huawei-pod3", "description": "Some description", "url": "https://wiki.opnfv.org/display/pharos/Huawei+Hosting", "bookable": false, "active": true}}, {"model": "dashboard.resource", "pk": 111, "fields": {"name": "Huawei POD 4", "slavename": "huawei-pod4", "description": "Some description", "url": "https://wiki.opnfv.org/display/pharos/Huawei+Hosting", "bookable": false, "active": true}}, {"model": "dashboard.resource", "pk": 112, "fields": {"name": "Intel POD 9", "slavename": "intel-pod8", "description": "Some description", "url": "https://wiki.opnfv.org/display/pharos/Intel+Pod9", "bookable": false, "active": true}}, {"model": "contenttypes.contenttype", "pk": 1, "fields": {"app_label": "dashboard", "model": "booking"}}, {"model": "contenttypes.contenttype", "pk": 2, "fields": {"app_label": "dashboard", "model": "pod"}}, {"model": "contenttypes.contenttype", "pk": 3, "fields": {"app_label": "dashboard", "model": "resource"}}, {"model": "contenttypes.contenttype", "pk": 4, "fields": {"app_label": "dashboard", "model": "server"}}, {"model": "contenttypes.contenttype", "pk": 5, "fields": {"app_label": "dashboard", "model": "userresource"}}, {"model": "contenttypes.contenttype", "pk": 6, "fields": {"app_label": "admin", "model": "logentry"}}, {"model": "contenttypes.contenttype", "pk": 7, "fields": {"app_label": "auth", "model": "permission"}}, {"model": "contenttypes.contenttype", "pk": 8, "fields": {"app_label": "auth", "model": "group"}}, {"model": "contenttypes.contenttype", "pk": 9, "fields": {"app_label": "auth", "model": "user"}}, {"model": "contenttypes.contenttype", "pk": 10, "fields": {"app_label": "contenttypes", "model": "contenttype"}}, {"model": "contenttypes.contenttype", "pk": 11, "fields": {"app_label": "sessions", "model": "session"}}, {"model": "auth.permission", "pk": 1, "fields": {"name": "Can add booking", "content_type": 1, "codename": "add_booking"}}, {"model": "auth.permission", "pk": 2, "fields": {"name": "Can change booking", "content_type": 1, "codename": "change_booking"}}, {"model": "auth.permission", "pk": 3, "fields": {"name": "Can delete booking", "content_type": 1, "codename": "delete_booking"}}, {"model": "auth.permission", "pk": 4, "fields": {"name": "Can add pod", "content_type": 2, "codename": "add_pod"}}, {"model": "auth.permission", "pk": 5, "fields": {"name": "Can change pod", "content_type": 2, "codename": "change_pod"}}, {"model": "auth.permission", "pk": 6, "fields": {"name": "Can delete pod", "content_type": 2, "codename": "delete_pod"}}, {"model": "auth.permission", "pk": 7, "fields": {"name": "Can add resource", "content_type": 3, "codename": "add_resource"}}, {"model": "auth.permission", "pk": 8, "fields": {"name": "Can change resource", "content_type": 3, "codename": "change_resource"}}, {"model": "auth.permission", "pk": 9, "fields": {"name": "Can delete resource", "content_type": 3, "codename": "delete_resource"}}, {"model": "auth.permission", "pk": 10, "fields": {"name": "Can add server", "content_type": 4, "codename": "add_server"}}, {"model": "auth.permission", "pk": 11, "fields": {"name": "Can change server", "content_type": 4, "codename": "change_server"}}, {"model": "auth.permission", "pk": 12, "fields": {"name": "Can delete server", "content_type": 4, "codename": "delete_server"}}, {"model": "auth.permission", "pk": 13, "fields": {"name": "Can add user resource", "content_type": 5, "codename": "add_userresource"}}, {"model": "auth.permission", "pk": 14, "fields": {"name": "Can change user resource", "content_type": 5, "codename": "change_userresource"}}, {"model": "auth.permission", "pk": 15, "fields": {"name": "Can delete user resource", "content_type": 5, "codename": "delete_userresource"}}, {"model": "auth.permission", "pk": 16, "fields": {"name": "Can add log entry", "content_type": 6, "codename": "add_logentry"}}, {"model": "auth.permission", "pk": 17, "fields": {"name": "Can change log entry", "content_type": 6, "codename": "change_logentry"}}, {"model": "auth.permission", "pk": 18, "fields": {"name": "Can delete log entry", "content_type": 6, "codename": "delete_logentry"}}, {"model": "auth.permission", "pk": 19, "fields": {"name": "Can add permission", "content_type": 7, "codename": "add_permission"}}, {"model": "auth.permission", "pk": 20, "fields": {"name": "Can change permission", "content_type": 7, "codename": "change_permission"}}, {"model": "auth.permission", "pk": 21, "fields": {"name": "Can delete permission", "content_type": 7, "codename": "delete_permission"}}, {"model": "auth.permission", "pk": 22, "fields": {"name": "Can add group", "content_type": 8, "codename": "add_group"}}, {"model": "auth.permission", "pk": 23, "fields": {"name": "Can change group", "content_type": 8, "codename": "change_group"}}, {"model": "auth.permission", "pk": 24, "fields": {"name": "Can delete group", "content_type": 8, "codename": "delete_group"}}, {"model": "auth.permission", "pk": 25, "fields": {"name": "Can add user", "content_type": 9, "codename": "add_user"}}, {"model": "auth.permission", "pk": 26, "fields": {"name": "Can change user", "content_type": 9, "codename": "change_user"}}, {"model": "auth.permission", "pk": 27, "fields": {"name": "Can delete user", "content_type": 9, "codename": "delete_user"}}, {"model": "auth.permission", "pk": 28, "fields": {"name": "Can add content type", "content_type": 10, "codename": "add_contenttype"}}, {"model": "auth.permission", "pk": 29, "fields": {"name": "Can change content type", "content_type": 10, "codename": "change_contenttype"}}, {"model": "auth.permission", "pk": 30, "fields": {"name": "Can delete content type", "content_type": 10, "codename": "delete_contenttype"}}, {"model": "auth.permission", "pk": 31, "fields": {"name": "Can add session", "content_type": 11, "codename": "add_session"}}, {"model": "auth.permission", "pk": 32, "fields": {"name": "Can change session", "content_type": 11, "codename": "change_session"}}, {"model": "auth.permission", "pk": 33, "fields": {"name": "Can delete session", "content_type": 11, "codename": "delete_session"}}, {"model": "auth.user", "pk": 1, "fields": {"password": "pbkdf2_sha256$24000$kcQ5X8WQg1tH$KHynJPYTsoBq7vAipLsP0EZyo3qAu1VGJwaoEQeUz3E=", "last_login": "2016-07-24T13:01:31.199Z", "is_superuser": true, "username": "max", "first_name": "", "last_name": "", "email": "max.breitenfeldt@gmail.com", "is_staff": true, "is_active": true, "date_joined": "2016-07-24T12:49:54.488Z", "groups": [], "user_permissions": []}}, {"model": "auth.user", "pk": 2, "fields": {"password": "pbkdf2_sha256$24000$6z3xKCpZp0xl$76IaKRzJocbGmGG9JUtPz3is2AjlMEIfb9omiTEn2N8=", "last_login": null, "is_superuser": true, "username": "jose", "first_name": "Jose", "last_name": "Lausuch", "email": "jose.lausuch@ericsson.com", "is_staff": true, "is_active": true, "date_joined": "2016-07-24T12:51:30Z", "groups": [], "user_permissions": []}}, {"model": "auth.user", "pk": 3, "fields": {"password": "pbkdf2_sha256$24000$466rSOMbdzZk$3TXRz9CRoephCrjNbEa7+nLJ4xwz4W0jvTfs4A69D1o=", "last_login": null, "is_superuser": true, "username": "daniel", "first_name": "Daniel", "last_name": "Smith", "email": "daniel.smith@ericsson.com", "is_staff": true, "is_active": true, "date_joined": "2016-07-24T12:52:23Z", "groups": [], "user_permissions": []}}, {"model": "auth.user", "pk": 4, "fields": {"password": "pbkdf2_sha256$24000$wjeFIjdiblRl$6ugfj1neDEsaxMQbQ0xV+zg/FKw8ImIDyuPqYWkUxE4=", "last_login": null, "is_superuser": true, "username": "jack", "first_name": "Jack", "last_name": "Morgan", "email": "jack.morgan@intel.com", "is_staff": true, "is_active": true, "date_joined": "2016-07-24T12:53:02Z", "groups": [], "user_permissions": []}}, {"model": "auth.user", "pk": 5, "fields": {"password": "pbkdf2_sha256$24000$qYMcbKTahNGK$fdPgcQKTKhjSHDZx+C2bymU46HpIl/0n5vbXMpplXWE=", "last_login": null, "is_superuser": true, "username": "fatih", "first_name": "Fatih", "last_name": "Degirmenci", "email": "fatih.degirmenci@ericsson.com", "is_staff": true, "is_active": true, "date_joined": "2016-07-24T12:53:38Z", "groups": [], "user_permissions": []}}, {"model": "auth.user", "pk": 6, "fields": {"password": "pbkdf2_sha256$24000$Ndxyrota7u3U$KWmjRYo3GW25pcgf9NUuz5PSXvH8hU8E2dUARoKY7EI=", "last_login": null, "is_superuser": true, "username": "trevor", "first_name": "Trevor", "last_name": "Cooper", "email": "trevor.cooper@intel.com", "is_staff": true, "is_active": true, "date_joined": "2016-07-24T12:54:32Z", "groups": [], "user_permissions": []}}, {"model": "admin.logentry", "pk": 1, "fields": {"action_time": "2016-07-24T12:51:30.147Z", "user": 1, "content_type": 9, "object_id": "2", "object_repr": "jose", "action_flag": 1, "change_message": "Added."}}, {"model": "admin.logentry", "pk": 2, "fields": {"action_time": "2016-07-24T12:51:58.928Z", "user": 1, "content_type": 9, "object_id": "2", "object_repr": "jose", "action_flag": 2, "change_message": "Changed first_name, last_name, email, is_staff and is_superuser."}}, {"model": "admin.logentry", "pk": 3, "fields": {"action_time": "2016-07-24T12:52:23.821Z", "user": 1, "content_type": 9, "object_id": "3", "object_repr": "daniel", "action_flag": 1, "change_message": "Added."}}, {"model": "admin.logentry", "pk": 4, "fields": {"action_time": "2016-07-24T12:52:40.446Z", "user": 1, "content_type": 9, "object_id": "3", "object_repr": "daniel", "action_flag": 2, "change_message": "Changed first_name, last_name, email, is_staff and is_superuser."}}, {"model": "admin.logentry", "pk": 5, "fields": {"action_time": "2016-07-24T12:52:45.866Z", "user": 1, "content_type": 9, "object_id": "3", "object_repr": "daniel", "action_flag": 2, "change_message": "No fields changed."}}, {"model": "admin.logentry", "pk": 6, "fields": {"action_time": "2016-07-24T12:53:02.303Z", "user": 1, "content_type": 9, "object_id": "4", "object_repr": "jack", "action_flag": 1, "change_message": "Added."}}, {"model": "admin.logentry", "pk": 7, "fields": {"action_time": "2016-07-24T12:53:22.399Z", "user": 1, "content_type": 9, "object_id": "4", "object_repr": "jack", "action_flag": 2, "change_message": "Changed first_name, last_name, email, is_staff and is_superuser."}}, {"model": "admin.logentry", "pk": 8, "fields": {"action_time": "2016-07-24T12:53:24.541Z", "user": 1, "content_type": 9, "object_id": "4", "object_repr": "jack", "action_flag": 2, "change_message": "No fields changed."}}, {"model": "admin.logentry", "pk": 9, "fields": {"action_time": "2016-07-24T12:53:38.910Z", "user": 1, "content_type": 9, "object_id": "5", "object_repr": "fatih", "action_flag": 1, "change_message": "Added."}}, {"model": "admin.logentry", "pk": 10, "fields": {"action_time": "2016-07-24T12:53:54.585Z", "user": 1, "content_type": 9, "object_id": "5", "object_repr": "fatih", "action_flag": 2, "change_message": "Changed first_name, last_name, email, is_staff and is_superuser."}}, {"model": "admin.logentry", "pk": 11, "fields": {"action_time": "2016-07-24T12:53:56.777Z", "user": 1, "content_type": 9, "object_id": "5", "object_repr": "fatih", "action_flag": 2, "change_message": "No fields changed."}}, {"model": "admin.logentry", "pk": 12, "fields": {"action_time": "2016-07-24T12:54:32.683Z", "user": 1, "content_type": 9, "object_id": "6", "object_repr": "trevor", "action_flag": 1, "change_message": "Added."}}, {"model": "admin.logentry", "pk": 13, "fields": {"action_time": "2016-07-24T12:54:53.188Z", "user": 1, "content_type": 9, "object_id": "6", "object_repr": "trevor", "action_flag": 2, "change_message": "Changed first_name, last_name, email, is_staff and is_superuser."}}, {"model": "admin.logentry", "pk": 14, "fields": {"action_time": "2016-07-24T12:55:45.789Z", "user": 1, "content_type": 5, "object_id": "1", "object_repr": "UserResource object", "action_flag": 1, "change_message": "Added."}}, {"model": "admin.logentry", "pk": 15, "fields": {"action_time": "2016-07-24T12:55:51.347Z", "user": 1, "content_type": 5, "object_id": "2", "object_repr": "UserResource object", "action_flag": 1, "change_message": "Added."}}, {"model": "admin.logentry", "pk": 16, "fields": {"action_time": "2016-07-24T12:55:56.704Z", "user": 1, "content_type": 5, "object_id": "3", "object_repr": "UserResource object", "action_flag": 1, "change_message": "Added."}}, {"model": "admin.logentry", "pk": 17, "fields": {"action_time": "2016-07-24T12:56:08.238Z", "user": 1, "content_type": 5, "object_id": "4", "object_repr": "UserResource object", "action_flag": 1, "change_message": "Added."}}, {"model": "admin.logentry", "pk": 18, "fields": {"action_time": "2016-07-24T12:56:17.849Z", "user": 1, "content_type": 5, "object_id": "5", "object_repr": "UserResource object", "action_flag": 1, "change_message": "Added."}}, {"model": "admin.logentry", "pk": 19, "fields": {"action_time": "2016-07-24T12:56:24.215Z", "user": 1, "content_type": 5, "object_id": "6", "object_repr": "UserResource object", "action_flag": 1, "change_message": "Added."}}, {"model": "admin.logentry", "pk": 20, "fields": {"action_time": "2016-07-24T12:56:33.608Z", "user": 1, "content_type": 5, "object_id": "7", "object_repr": "UserResource object", "action_flag": 1, "change_message": "Added."}}, {"model": "admin.logentry", "pk": 21, "fields": {"action_time": "2016-07-24T12:56:37.554Z", "user": 1, "content_type": 5, "object_id": "8", "object_repr": "UserResource object", "action_flag": 1, "change_message": "Added."}}, {"model": "dashboard.userresource", "pk": 1, "fields": {"user": 3, "resource": 108}}, {"model": "dashboard.userresource", "pk": 2, "fields": {"user": 3, "resource": 97}}, {"model": "dashboard.userresource", "pk": 3, "fields": {"user": 4, "resource": 98}}, {"model": "dashboard.userresource", "pk": 4, "fields": {"user": 4, "resource": 103}}, {"model": "dashboard.userresource", "pk": 5, "fields": {"user": 4, "resource": 99}}, {"model": "dashboard.userresource", "pk": 6, "fields": {"user": 4, "resource": 100}}, {"model": "dashboard.userresource", "pk": 7, "fields": {"user": 4, "resource": 101}}, {"model": "dashboard.userresource", "pk": 8, "fields": {"user": 4, "resource": 112}}, {"model": "dashboard.booking", "pk": 1, "fields": {"resource": 103, "user": 1, "start_date_time": "2016-07-23T00:00:00Z", "end_date_time": "2016-08-08T00:00:00Z", "creation": "2016-07-24T13:01:47.945Z", "purpose": "Test1"}}, {"model": "dashboard.booking", "pk": 2, "fields": {"resource": 103, "user": 1, "start_date_time": "2016-07-18T03:00:00Z", "end_date_time": "2016-07-20T10:00:00Z", "creation": "2016-07-24T13:02:00.033Z", "purpose": "test2"}}, {"model": "dashboard.booking", "pk": 3, "fields": {"resource": 109, "user": 1, "start_date_time": "2016-07-23T06:00:00Z", "end_date_time": "2016-07-26T17:00:00Z", "creation": "2016-07-24T13:02:23.024Z", "purpose": "test3"}}, {"model": "dashboard.booking", "pk": 4, "fields": {"resource": 110, "user": 1, "start_date_time": "2016-07-09T00:00:00Z", "end_date_time": "2016-08-01T00:00:00Z", "creation": "2016-07-24T13:02:35.138Z", "purpose": "test4"}}, {"model": "dashboard.booking", "pk": 5, "fields": {"resource": 111, "user": 1, "start_date_time": "2016-07-20T07:00:00Z", "end_date_time": "2016-07-20T10:00:00Z", "creation": "2016-07-24T13:02:45.153Z", "purpose": "test5"}}, {"model": "dashboard.booking", "pk": 6, "fields": {"resource": 111, "user": 1, "start_date_time": "2016-07-22T03:00:00Z", "end_date_time": "2016-07-24T10:00:00Z", "creation": "2016-07-24T13:02:50.050Z", "purpose": "test6"}}, {"model": "dashboard.booking", "pk": 7, "fields": {"resource": 111, "user": 1, "start_date_time": "2016-07-24T11:00:00Z", "end_date_time": "2016-07-24T19:00:00Z", "creation": "2016-07-24T13:02:57.207Z", "purpose": "test7"}}]